2026-01-01,6:11 AM,7:55 AM,12:27 PM,,4:57 PM,5:15 PM,,11:34 PM,5:15 PM
2026-01-02,6:12 AM,7:55 AM,12:27 PM,,4:57 PM,5:16 PM,,11:34 PM,5:16 PM
2026-01-03,6:12 AM,7:55 AM,12:28 PM,,4:58 PM,5:17 PM,,11:35 PM,5:17 PM
2026-01-04,6:12 AM,7:55 AM,12:28 PM,,4:59 PM,5:18 PM,,11:36 PM,5:18 PM
2026-01-05,6:12 AM,7:55 AM,12:28 PM,,5:00 PM,5:19 PM,,11:36 PM,5:19 PM
2026-01-06,6:12 AM,7:55 AM,12:29 PM,,5:01 PM,5:20 PM,,11:37 PM,5:20 PM
2026-01-07,6:12 AM,7:55 AM,12:29 PM,,5:02 PM,5:21 PM,,11:37 PM,5:21 PM
2026-01-08,6:12 AM,7:54 AM,12:30 PM,,5:04 PM,5:22 PM,,11:38 PM,5:22 PM
2026-01-09,6:12 AM,7:54 AM,12:30 PM,,5:05 PM,5:23 PM,,11:38 PM,5:23 PM
2026-01-10,6:11 AM,7:54 AM,12:31 PM,,5:06 PM,5:24 PM,,11:38 PM,5:24 PM
2026-01-11,6:11 AM,7:53 AM,12:31 PM,,5:07 PM,5:25 PM,,11:39 PM,5:25 PM
2026-01-12,6:11 AM,7:53 AM,12:31 PM,,5:08 PM,5:26 PM,,11:39 PM,5:26 PM
2026-01-13,6:11 AM,7:53 AM,12:32 PM,,5:09 PM,5:28 PM,,11:40 PM,5:28 PM
2026-01-14,6:11 AM,7:52 AM,12:32 PM,,5:10 PM,5:29 PM,,11:41 PM,5:29 PM
2026-01-15,6:10 AM,7:52 AM,12:32 PM,,5:12 PM,5:30 PM,,11:41 PM,5:30 PM
2026-01-16,6:10 AM,7:51 AM,12:33 PM,,5:13 PM,5:31 PM,,11:41 PM,5:31 PM
2026-01-17,6:10 AM,7:51 AM,12:33 PM,,5:14 PM,5:32 PM,,11:42 PM,5:32 PM
2026-01-18,6:09 AM,7:50 AM,12:33 PM,,5:15 PM,5:33 PM,,11:42 PM,5:33 PM
2026-01-19,6:09 AM,7:50 AM,12:34 PM,,5:17 PM,5:35 PM,,11:43 PM,5:35 PM
2026-01-20,6:08 AM,7:49 AM,12:34 PM,,5:18 PM,5:36 PM,,11:43 PM,5:36 PM
2026-01-21,6:08 AM,7:48 AM,12:34 PM,,5:19 PM,5:37 PM,,11:44 PM,5:37 PM
2026-01-22,6:07 AM,7:47 AM,12:35 PM,,5:21 PM,5:38 PM,,11:44 PM,5:38 PM
2026-01-23,6:07 AM,7:47 AM,12:35 PM,,5:22 PM,5:40 PM,,11:45 PM,5:40 PM
2026-01-24,6:06 AM,7:46 AM,12:35 PM,,5:23 PM,5:41 PM,,11:45 PM,5:41 PM
2026-01-25,6:05 AM,7:45 AM,12:35 PM,,5:25 PM,5:42 PM,,11:45 PM,5:42 PM
2026-01-26,6:05 AM,7:44 AM,12:36 PM,,5:26 PM,5:43 PM,,11:45 PM,5:43 PM
2026-01-27,6:04 AM,7:43 AM,12:36 PM,,5:27 PM,5:45 PM,,11:45 PM,5:45 PM
2026-01-28,6:03 AM,7:42 AM,12:36 PM,,5:29 PM,5:46 PM,,11:46 PM,5:46 PM
2026-01-29,6:02 AM,7:41 AM,12:36 PM,,5:30 PM,5:47 PM,,11:46 PM,5:47 PM
2026-01-30,6:02 AM,7:40 AM,12:36 PM,,5:31 PM,5:49 PM,,11:46 PM,5:49 PM
2026-01-31,6:01 AM,7:39 AM,12:36 PM,,5:33 PM,5:50 PM,,11:47 PM,5:50 PM
2026-02-01,6:00 AM,7:38 AM,12:37 PM,,5:34 PM,5:51 PM,,11:47 PM,5:51 PM
2026-02-02,5:59 AM,7:37 AM,12:37 PM,,5:35 PM,5:52 PM,,11:47 PM,5:52 PM
2026-02-03,5:58 AM,7:36 AM,12:37 PM,,5:37 PM,5:54 PM,,11:47 PM,5:54 PM
2026-02-04,5:57 AM,7:35 AM,12:37 PM,,5:38 PM,5:55 PM,,11:47 PM,5:55 PM
2026-02-05,5:56 AM,7:34 AM,12:37 PM,,5:39 PM,5:56 PM,,11:47 PM,5:56 PM
2026-02-06,5:55 AM,7:32 AM,12:37 PM,,5:41 PM,5:58 PM,,11:48 PM,5:58 PM
2026-02-07,5:54 AM,7:31 AM,12:37 PM,,5:42 PM,5:59 PM,,11:48 PM,5:59 PM
2026-02-08,5:53 AM,7:30 AM,12:37 PM,,5:43 PM,6:00 PM,,11:48 PM,6:00 PM
2026-02-09,5:52 AM,7:28 AM,12:37 PM,,5:45 PM,6:01 PM,,11:49 PM,6:01 PM
2026-02-10,5:51 AM,7:27 AM,12:37 PM,,5:46 PM,6:03 PM,,11:49 PM,6:03 PM
2026-02-11,5:49 AM,7:26 AM,12:37 PM,,5:47 PM,6:04 PM,,11:48 PM,6:04 PM
2026-02-12,5:48 AM,7:24 AM,12:37 PM,,5:49 PM,6:05 PM,,11:49 PM,6:05 PM
2026-02-13,5:47 AM,7:23 AM,12:37 PM,,5:50 PM,6:07 PM,,11:49 PM,6:07 PM
2026-02-14,5:46 AM,7:22 AM,12:37 PM,,5:51 PM,6:08 PM,,11:49 PM,6:08 PM
2026-02-15,5:44 AM,7:20 AM,12:37 PM,,5:53 PM,6:09 PM,,11:49 PM,6:09 PM
2026-02-16,5:43 AM,7:19 AM,12:37 PM,,5:54 PM,6:10 PM,,11:49 PM,6:10 PM
2026-02-17,5:42 AM,7:17 AM,12:37 PM,,5:55 PM,6:12 PM,,11:49 PM,6:12 PM
2026-02-18,5:40 AM,7:16 AM,12:37 PM,,5:57 PM,6:13 PM,,11:49 PM,6:13 PM
2026-02-19,5:39 AM,7:14 AM,12:37 PM,,5:58 PM,6:14 PM,,11:49 PM,6:14 PM
2026-02-20,5:37 AM,7:13 AM,12:37 PM,,5:59 PM,6:16 PM,,11:48 PM,6:16 PM
2026-02-21,5:36 AM,7:11 AM,12:37 PM,,6:01 PM,6:17 PM,,11:49 PM,6:17 PM
2026-02-22,5:35 AM,7:10 AM,12:36 PM,,6:02 PM,6:18 PM,,11:49 PM,6:18 PM
2026-02-23,5:33 AM,7:08 AM,12:36 PM,,6:03 PM,6:19 PM,,11:48 PM,6:19 PM
2026-02-24,5:32 AM,7:06 AM,12:36 PM,,6:04 PM,6:21 PM,,11:48 PM,6:21 PM
2026-02-25,5:30 AM,7:05 AM,12:36 PM,,6:06 PM,6:22 PM,,11:48 PM,6:22 PM
2026-02-26,5:28 AM,7:03 AM,12:36 PM,,6:07 PM,6:23 PM,,11:47 PM,6:23 PM
2026-02-27,5:27 AM,7:01 AM,12:36 PM,,6:08 PM,6:24 PM,,11:47 PM,6:24 PM
2026-02-28,5:25 AM,7:00 AM,12:35 PM,,6:10 PM,6:26 PM,,11:47 PM,6:26 PM
2026-03-01,5:24 AM,6:58 AM,12:35 PM,,6:11 PM,6:27 PM,,11:47 PM,6:27 PM
2026-03-02,5:22 AM,6:56 AM,12:35 PM,,6:12 PM,6:28 PM,,11:47 PM,6:28 PM
2026-03-03,5:20 AM,6:55 AM,12:35 PM,,6:13 PM,6:29 PM,,11:46 PM,6:29 PM
2026-03-04,5:18 AM,6:53 AM,12:35 PM,,6:15 PM,6:31 PM,,11:46 PM,6:31 PM
2026-03-05,5:17 AM,6:51 AM,12:34 PM,,6:16 PM,6:32 PM,,11:46 PM,6:32 PM
2026-03-06,5:15 AM,6:50 AM,12:34 PM,,6:17 PM,6:33 PM,,11:46 PM,6:33 PM
2026-03-07,5:13 AM,6:48 AM,12:34 PM,,6:18 PM,6:34 PM,,11:45 PM,6:34 PM
2026-03-08,5:11 AM,6:46 AM,12:34 PM,,6:19 PM,6:36 PM,,11:45 PM,6:36 PM
2026-03-09,6:10 AM,7:44 AM,1:33 PM,,7:21 PM,7:37 PM,,12:46 AM,7:37 PM
2026-03-10,6:08 AM,7:43 AM,1:33 PM,,7:22 PM,7:38 PM,,12:45 AM,7:38 PM
2026-03-11,6:06 AM,7:41 AM,1:33 PM,,7:23 PM,7:39 PM,,12:44 AM,7:39 PM
2026-03-12,6:04 AM,7:39 AM,1:33 PM,,7:24 PM,7:41 PM,,12:44 AM,7:41 PM
2026-03-13,6:02 AM,7:37 AM,1:32 PM,,7:26 PM,7:42 PM,,12:44 AM,7:42 PM
2026-03-14,6:00 AM,7:35 AM,1:32 PM,,7:27 PM,7:43 PM,,12:44 AM,7:43 PM
2026-03-15,5:59 AM,7:34 AM,1:32 PM,,7:28 PM,7:44 PM,,12:44 AM,7:44 PM
2026-03-16,5:57 AM,7:32 AM,1:31 PM,,7:29 PM,7:45 PM,,12:43 AM,7:45 PM
2026-03-17,5:55 AM,7:30 AM,1:31 PM,,7:31 PM,7:47 PM,,12:43 AM,7:47 PM
2026-03-18,5:53 AM,7:28 AM,1:31 PM,,7:32 PM,7:48 PM,,12:42 AM,7:48 PM
2026-03-19,5:51 AM,7:27 AM,1:31 PM,,7:33 PM,7:49 PM,,12:42 AM,7:49 PM
2026-03-20,5:49 AM,7:25 AM,1:30 PM,,7:34 PM,7:50 PM,,12:42 AM,7:50 PM
2026-03-21,5:47 AM,7:23 AM,1:30 PM,,7:35 PM,7:52 PM,,12:41 AM,7:52 PM
2026-03-22,5:45 AM,7:21 AM,1:30 PM,,7:37 PM,7:53 PM,,12:41 AM,7:53 PM
2026-03-23,5:43 AM,7:19 AM,1:29 PM,,7:38 PM,7:54 PM,,12:40 AM,7:54 PM
2026-03-24,5:41 AM,7:18 AM,1:29 PM,,7:39 PM,7:55 PM,,12:40 AM,7:55 PM
2026-03-25,5:39 AM,7:16 AM,1:29 PM,,7:40 PM,7:56 PM,,12:40 AM,7:56 PM
2026-03-26,5:37 AM,7:14 AM,1:29 PM,,7:41 PM,7:58 PM,,12:39 AM,7:58 PM
2026-03-27,5:35 AM,7:12 AM,1:28 PM,,7:43 PM,7:59 PM,,12:39 AM,7:59 PM
2026-03-28,5:33 AM,7:10 AM,1:28 PM,,7:44 PM,8:00 PM,,12:38 AM,8:00 PM
2026-03-29,5:31 AM,7:09 AM,1:28 PM,,7:45 PM,8:01 PM,,12:38 AM,8:01 PM
2026-03-30,5:29 AM,7:07 AM,1:27 PM,,7:46 PM,8:03 PM,,12:38 AM,8:03 PM
2026-03-31,5:27 AM,7:05 AM,1:27 PM,,7:47 PM,8:04 PM,,12:37 AM,8:04 PM
2026-04-01,5:25 AM,7:03 AM,1:27 PM,,7:49 PM,8:05 PM,,12:37 AM,8:05 PM
2026-04-02,5:23 AM,7:02 AM,1:26 PM,,7:50 PM,8:06 PM,,12:36 AM,8:06 PM
2026-04-03,5:21 AM,7:00 AM,1:26 PM,,7:51 PM,8:07 PM,,12:36 AM,8:07 PM
2026-04-04,5:18 AM,6:58 AM,1:26 PM,,7:52 PM,8:09 PM,,12:35 AM,8:09 PM
2026-04-05,5:16 AM,6:57 AM,1:26 PM,,7:53 PM,8:10 PM,,12:34 AM,8:10 PM
2026-04-06,5:14 AM,6:55 AM,1:25 PM,,7:55 PM,8:11 PM,,12:35 AM,8:11 PM
2026-04-07,5:12 AM,6:53 AM,1:25 PM,,7:56 PM,8:12 PM,,12:34 AM,8:12 PM
2026-04-08,5:10 AM,6:51 AM,1:25 PM,,7:57 PM,8:14 PM,,12:34 AM,8:14 PM
2026-04-09,5:08 AM,6:50 AM,1:24 PM,,7:58 PM,8:15 PM,,12:33 AM,8:15 PM
2026-04-10,5:06 AM,6:48 AM,1:24 PM,,7:59 PM,8:16 PM,,12:32 AM,8:16 PM
2026-04-11,5:04 AM,6:46 AM,1:24 PM,,8:00 PM,8:17 PM,,12:32 AM,8:17 PM
2026-04-12,5:02 AM,6:45 AM,1:24 PM,,8:02 PM,8:18 PM,,12:32 AM,8:18 PM
2026-04-13,5:00 AM,6:43 AM,1:23 PM,,8:03 PM,8:20 PM,,12:32 AM,8:20 PM
2026-04-14,4:58 AM,6:41 AM,1:23 PM,,8:04 PM,8:21 PM,,12:31 AM,8:21 PM
2026-04-15,4:56 AM,6:40 AM,1:23 PM,,8:05 PM,8:22 PM,,12:30 AM,8:22 PM
2026-04-16,4:54 AM,6:38 AM,1:23 PM,,8:06 PM,8:23 PM,,12:30 AM,8:23 PM
2026-04-17,4:52 AM,6:36 AM,1:22 PM,,8:08 PM,8:25 PM,,12:30 AM,8:25 PM
2026-04-18,4:50 AM,6:35 AM,1:22 PM,,8:09 PM,8:26 PM,,12:30 AM,8:26 PM
2026-04-19,4:47 AM,6:33 AM,1:22 PM,,8:10 PM,8:27 PM,,12:28 AM,8:27 PM
2026-04-20,4:45 AM,6:31 AM,1:22 PM,,8:11 PM,8:28 PM,,12:28 AM,8:28 PM
2026-04-21,4:43 AM,6:30 AM,1:22 PM,,8:12 PM,8:30 PM,,12:28 AM,8:30 PM
2026-04-22,4:41 AM,6:28 AM,1:21 PM,,8:14 PM,8:31 PM,,12:28 AM,8:31 PM
2026-04-23,4:39 AM,6:27 AM,1:21 PM,,8:15 PM,8:32 PM,,12:27 AM,8:32 PM
2026-04-24,4:37 AM,6:25 AM,1:21 PM,,8:16 PM,8:33 PM,,12:26 AM,8:33 PM
2026-04-25,4:35 AM,6:24 AM,1:21 PM,,8:17 PM,8:35 PM,,12:26 AM,8:35 PM
2026-04-26,4:33 AM,6:22 AM,1:21 PM,,8:18 PM,8:36 PM,,12:26 AM,8:36 PM
2026-04-27,4:31 AM,6:21 AM,1:21 PM,,8:20 PM,8:37 PM,,12:26 AM,8:37 PM
2026-04-28,4:29 AM,6:19 AM,1:20 PM,,8:21 PM,8:38 PM,,12:25 AM,8:38 PM
2026-04-29,4:27 AM,6:18 AM,1:20 PM,,8:22 PM,8:39 PM,,12:24 AM,8:39 PM
2026-04-30,4:25 AM,6:16 AM,1:20 PM,,8:23 PM,8:41 PM,,12:24 AM,8:41 PM
2026-05-01,4:21 AM,6:13 AM,1:20 PM,,8:25 PM,8:43 PM,,12:23 AM,8:43 PM
2026-05-02,4:19 AM,6:12 AM,1:20 PM,,8:27 PM,8:44 PM,,12:23 AM,8:44 PM
2026-05-03,4:17 AM,6:11 AM,1:20 PM,,8:28 PM,8:46 PM,,12:22 AM,8:46 PM
2026-05-04,4:14 AM,6:09 AM,1:20 PM,,8:29 PM,8:47 PM,,12:22 AM,8:47 PM
2026-05-05,4:13 AM,6:08 AM,1:20 PM,,8:30 PM,8:48 PM,,12:22 AM,8:48 PM
2026-05-06,4:11 AM,6:07 AM,1:19 PM,,8:31 PM,8:49 PM,,12:21 AM,8:49 PM
2026-05-07,4:09 AM,6:05 AM,1:19 PM,,8:32 PM,8:50 PM,,12:21 AM,8:50 PM
2026-05-08,4:07 AM,6:04 AM,1:19 PM,,8:34 PM,8:51 PM,,12:21 AM,8:51 PM
2026-05-09,4:05 AM,6:03 AM,1:19 PM,,8:35 PM,8:53 PM,,12:20 AM,8:53 PM
2026-05-10,4:03 AM,6:02 AM,1:19 PM,,8:36 PM,8:54 PM,,12:20 AM,8:54 PM
2026-05-11,4:01 AM,6:01 AM,1:19 PM,,8:37 PM,8:55 PM,,12:19 AM,8:55 PM
2026-05-12,3:59 AM,6:00 AM,1:19 PM,,8:38 PM,8:56 PM,,12:19 AM,8:56 PM
2026-05-13,3:57 AM,5:58 AM,1:19 PM,,8:39 PM,8:57 PM,,12:18 AM,8:57 PM
2026-05-14,3:55 AM,5:57 AM,1:19 PM,,8:40 PM,8:58 PM,,12:18 AM,8:58 PM
2026-05-15,3:54 AM,5:56 AM,1:19 PM,,8:41 PM,8:59 PM,,12:18 AM,8:59 PM
2026-05-16,3:52 AM,5:55 AM,1:19 PM,,8:42 PM,9:01 PM,,12:17 AM,9:01 PM
2026-05-17,3:50 AM,5:54 AM,1:19 PM,,8:43 PM,9:02 PM,,12:17 AM,9:02 PM
2026-05-18,3:48 AM,5:53 AM,1:19 PM,,8:44 PM,9:03 PM,,12:16 AM,9:03 PM
2026-05-19,3:47 AM,5:52 AM,1:20 PM,,8:45 PM,9:04 PM,,12:16 AM,9:04 PM
2026-05-20,3:45 AM,5:52 AM,1:20 PM,,8:46 PM,9:05 PM,,12:15 AM,9:05 PM
2026-05-21,3:43 AM,5:51 AM,1:20 PM,,8:47 PM,9:06 PM,,12:15 AM,9:06 PM
2026-05-22,3:42 AM,5:50 AM,1:20 PM,,8:48 PM,9:07 PM,,12:15 AM,9:07 PM
2026-05-23,3:40 AM,5:49 AM,1:20 PM,,8:49 PM,9:08 PM,,12:15 AM,9:08 PM
2026-05-24,3:39 AM,5:48 AM,1:20 PM,,8:50 PM,9:09 PM,,12:15 AM,9:09 PM
2026-05-25,3:37 AM,5:48 AM,1:20 PM,,8:51 PM,9:10 PM,,12:14 AM,9:10 PM
2026-05-26,3:36 AM,5:47 AM,1:20 PM,,8:52 PM,9:11 PM,,12:14 AM,9:11 PM
2026-05-27,3:35 AM,5:46 AM,1:20 PM,,8:53 PM,9:12 PM,,12:14 AM,9:12 PM
2026-05-28,3:33 AM,5:46 AM,1:20 PM,,8:54 PM,9:13 PM,,12:13 AM,9:13 PM
2026-05-29,3:32 AM,5:45 AM,1:21 PM,,8:55 PM,9:14 PM,,12:14 AM,9:14 PM
2026-05-30,3:31 AM,5:44 AM,1:21 PM,,8:55 PM,9:14 PM,,12:13 AM,9:14 PM
2026-05-31,3:30 AM,5:44 AM,1:21 PM,,8:56 PM,9:15 PM,,12:13 AM,9:15 PM
2026-06-01,3:30 AM,5:44 AM,1:21 PM,,8:56 PM,9:15 PM,,12:13 AM,9:15 PM
2026-06-02,3:28 AM,5:43 AM,1:21 PM,,8:57 PM,9:16 PM,,12:13 AM,9:16 PM
2026-06-03,3:27 AM,5:43 AM,1:21 PM,,8:58 PM,9:17 PM,,12:13 AM,9:17 PM
2026-06-04,3:26 AM,5:42 AM,1:21 PM,,8:58 PM,9:18 PM,,12:12 AM,9:18 PM
2026-06-05,3:25 AM,5:42 AM,1:22 PM,,8:59 PM,9:18 PM,,12:12 AM,9:18 PM
2026-06-06,3:25 AM,5:42 AM,1:22 PM,,9:00 PM,9:19 PM,,12:13 AM,9:19 PM
2026-06-07,3:24 AM,5:41 AM,1:22 PM,,9:00 PM,9:20 PM,,12:12 AM,9:20 PM
2026-06-08,3:23 AM,5:41 AM,1:22 PM,,9:01 PM,9:20 PM,,12:12 AM,9:20 PM
2026-06-09,3:22 AM,5:41 AM,1:22 PM,,9:02 PM,9:21 PM,,12:12 AM,9:21 PM
2026-06-10,3:22 AM,5:41 AM,1:22 PM,,9:02 PM,9:22 PM,,12:12 AM,9:22 PM
2026-06-11,3:21 AM,5:41 AM,1:23 PM,,9:03 PM,9:22 PM,,12:12 AM,9:22 PM
2026-06-12,3:21 AM,5:40 AM,1:23 PM,,9:03 PM,9:23 PM,,12:12 AM,9:23 PM
2026-06-13,3:20 AM,5:40 AM,1:23 PM,,9:04 PM,9:23 PM,,12:12 AM,9:23 PM
2026-06-14,3:20 AM,5:40 AM,1:23 PM,,9:04 PM,9:24 PM,,12:12 AM,9:24 PM
2026-06-15,3:20 AM,5:40 AM,1:24 PM,,9:04 PM,9:24 PM,,12:12 AM,9:24 PM
2026-06-16,3:19 AM,5:40 AM,1:24 PM,,9:05 PM,9:25 PM,,12:12 AM,9:25 PM
2026-06-17,3:19 AM,5:40 AM,1:24 PM,,9:05 PM,9:25 PM,,12:12 AM,9:25 PM
2026-06-18,3:19 AM,5:41 AM,1:24 PM,,9:06 PM,9:25 PM,,12:13 AM,9:25 PM
2026-06-19,3:19 AM,5:41 AM,1:24 PM,,9:06 PM,9:25 PM,,12:13 AM,9:25 PM
2026-06-20,3:19 AM,5:41 AM,1:25 PM,,9:06 PM,9:26 PM,,12:13 AM,9:26 PM
2026-06-21,3:20 AM,5:41 AM,1:25 PM,,9:06 PM,9:26 PM,,12:13 AM,9:26 PM
2026-06-22,3:20 AM,5:41 AM,1:25 PM,,9:06 PM,9:26 PM,,12:13 AM,9:26 PM
2026-06-23,3:20 AM,5:42 AM,1:25 PM,,9:07 PM,9:26 PM,,12:14 AM,9:26 PM
2026-06-24,3:20 AM,5:42 AM,1:25 PM,,9:07 PM,9:26 PM,,12:14 AM,9:26 PM
2026-06-25,3:21 AM,5:42 AM,1:26 PM,,9:07 PM,9:26 PM,,12:14 AM,9:26 PM
2026-06-26,3:21 AM,5:43 AM,1:26 PM,,9:07 PM,9:26 PM,,12:14 AM,9:26 PM
2026-06-27,3:22 AM,5:43 AM,1:26 PM,,9:07 PM,9:26 PM,,12:15 AM,9:26 PM
2026-06-28,3:23 AM,5:43 AM,1:26 PM,,9:07 PM,9:26 PM,,12:15 AM,9:26 PM
2026-06-29,3:24 AM,5:44 AM,1:27 PM,,9:07 PM,9:26 PM,,12:16 AM,9:26 PM
2026-06-30,3:24 AM,5:44 AM,1:27 PM,,9:07 PM,9:26 PM,,12:16 AM,9:26 PM
2026-07-01,3:26 AM,5:45 AM,1:27 PM,,9:06 PM,9:26 PM,,12:16 AM,9:26 PM
2026-07-02,3:27 AM,5:46 AM,1:27 PM,,9:06 PM,9:25 PM,,12:17 AM,9:25 PM
2026-07-03,3:28 AM,5:47 AM,1:27 PM,,9:06 PM,9:25 PM,,12:17 AM,9:25 PM
2026-07-04,3:29 AM,5:47 AM,1:28 PM,,9:05 PM,9:25 PM,,12:17 AM,9:25 PM
2026-07-05,3:31 AM,5:48 AM,1:28 PM,,9:05 PM,9:24 PM,,12:18 AM,9:24 PM
2026-07-06,3:32 AM,5:49 AM,1:28 PM,,9:05 PM,9:24 PM,,12:19 AM,9:24 PM
2026-07-07,3:33 AM,5:49 AM,1:28 PM,,9:04 PM,9:24 PM,,12:19 AM,9:24 PM
2026-07-08,3:34 AM,5:50 AM,1:28 PM,,9:04 PM,9:23 PM,,12:19 AM,9:23 PM
2026-07-09,3:36 AM,5:51 AM,1:28 PM,,9:03 PM,9:23 PM,,12:20 AM,9:23 PM
2026-07-10,3:37 AM,5:52 AM,1:29 PM,,9:03 PM,9:22 PM,,12:20 AM,9:22 PM
2026-07-11,3:39 AM,5:52 AM,1:29 PM,,9:02 PM,9:21 PM,,12:21 AM,9:21 PM
2026-07-12,3:40 AM,5:53 AM,1:29 PM,,9:02 PM,9:21 PM,,12:21 AM,9:21 PM
2026-07-13,3:42 AM,5:54 AM,1:29 PM,,9:01 PM,9:20 PM,,12:21 AM,9:20 PM
2026-07-14,3:43 AM,5:55 AM,1:29 PM,,9:00 PM,9:19 PM,,12:22 AM,9:19 PM
2026-07-15,3:45 AM,5:56 AM,1:29 PM,,9:00 PM,9:19 PM,,12:22 AM,9:19 PM
2026-07-16,3:46 AM,5:57 AM,1:29 PM,,8:59 PM,9:18 PM,,12:22 AM,9:18 PM
2026-07-17,3:48 AM,5:58 AM,1:29 PM,,8:58 PM,9:17 PM,,12:23 AM,9:17 PM
2026-07-18,3:50 AM,5:59 AM,1:29 PM,,8:57 PM,9:16 PM,,12:24 AM,9:16 PM
2026-07-19,3:51 AM,6:00 AM,1:29 PM,,8:57 PM,9:15 PM,,12:24 AM,9:15 PM
2026-07-20,3:53 AM,6:01 AM,1:29 PM,,8:56 PM,9:14 PM,,12:24 AM,9:14 PM
2026-07-21,3:55 AM,6:02 AM,1:29 PM,,8:55 PM,9:13 PM,,12:25 AM,9:13 PM
2026-07-22,3:56 AM,6:03 AM,1:29 PM,,8:54 PM,9:12 PM,,12:25 AM,9:12 PM
2026-07-23,3:58 AM,6:04 AM,1:29 PM,,8:53 PM,9:11 PM,,12:26 AM,9:11 PM
2026-07-24,4:00 AM,6:05 AM,1:30 PM,,8:52 PM,9:10 PM,,12:26 AM,9:10 PM
2026-07-25,4:02 AM,6:06 AM,1:30 PM,,8:51 PM,9:09 PM,,12:26 AM,9:09 PM
2026-07-26,4:04 AM,6:07 AM,1:29 PM,,8:50 PM,9:08 PM,,12:27 AM,9:08 PM
2026-07-27,4:05 AM,6:08 AM,1:29 PM,,8:49 PM,9:07 PM,,12:27 AM,9:07 PM
2026-07-28,4:07 AM,6:09 AM,1:29 PM,,8:48 PM,9:06 PM,,12:28 AM,9:06 PM
2026-07-29,4:09 AM,6:10 AM,1:29 PM,,8:47 PM,9:05 PM,,12:28 AM,9:05 PM
2026-07-30,4:11 AM,6:11 AM,1:29 PM,,8:46 PM,9:03 PM,,12:28 AM,9:03 PM
2026-07-31,4:12 AM,6:12 AM,1:29 PM,,8:44 PM,9:02 PM,,12:28 AM,9:02 PM
2026-08-01,4:12 AM,6:12 AM,1:29 PM,,8:44 PM,9:02 PM,,12:28 AM,9:02 PM
2026-08-02,4:14 AM,6:13 AM,1:29 PM,,8:43 PM,9:01 PM,,12:28 AM,9:01 PM
2026-08-03,4:16 AM,6:14 AM,1:29 PM,,8:42 PM,9:00 PM,,12:29 AM,9:00 PM
2026-08-04,4:18 AM,6:15 AM,1:29 PM,,8:41 PM,8:58 PM,,12:30 AM,8:58 PM
2026-08-05,4:20 AM,6:16 AM,1:29 PM,,8:39 PM,8:57 PM,,12:30 AM,8:57 PM
2026-08-06,4:21 AM,6:17 AM,1:29 PM,,8:38 PM,8:56 PM,,12:30 AM,8:56 PM
2026-08-07,4:23 AM,6:18 AM,1:29 PM,,8:37 PM,8:54 PM,,12:30 AM,8:54 PM
2026-08-08,4:25 AM,6:20 AM,1:29 PM,,8:35 PM,8:53 PM,,12:30 AM,8:53 PM
2026-08-09,4:27 AM,6:21 AM,1:28 PM,,8:34 PM,8:51 PM,,12:30 AM,8:51 PM
2026-08-10,4:28 AM,6:22 AM,1:28 PM,,8:33 PM,8:50 PM,,12:30 AM,8:50 PM
2026-08-11,4:30 AM,6:23 AM,1:28 PM,,8:31 PM,8:49 PM,,12:30 AM,8:49 PM
2026-08-12,4:32 AM,6:24 AM,1:28 PM,,8:30 PM,8:47 PM,,12:31 AM,8:47 PM
2026-08-13,4:34 AM,6:25 AM,1:28 PM,,8:28 PM,8:46 PM,,12:31 AM,8:46 PM
2026-08-14,4:35 AM,6:26 AM,1:28 PM,,8:27 PM,8:44 PM,,12:31 AM,8:44 PM
2026-08-15,4:37 AM,6:27 AM,1:27 PM,,8:25 PM,8:42 PM,,12:31 AM,8:42 PM
2026-08-16,4:39 AM,6:28 AM,1:27 PM,,8:24 PM,8:41 PM,,12:32 AM,8:41 PM
2026-08-17,4:40 AM,6:30 AM,1:27 PM,,8:22 PM,8:39 PM,,12:31 AM,8:39 PM
2026-08-18,4:42 AM,6:31 AM,1:27 PM,,8:21 PM,8:38 PM,,12:32 AM,8:38 PM
2026-08-19,4:44 AM,6:32 AM,1:27 PM,,8:19 PM,8:36 PM,,12:32 AM,8:36 PM
2026-08-20,4:45 AM,6:33 AM,1:26 PM,,8:17 PM,8:34 PM,,12:31 AM,8:34 PM
2026-08-21,4:47 AM,6:34 AM,1:26 PM,,8:16 PM,8:33 PM,,12:32 AM,8:33 PM
2026-08-22,4:49 AM,6:35 AM,1:26 PM,,8:14 PM,8:31 PM,,12:32 AM,8:31 PM
2026-08-23,4:50 AM,6:36 AM,1:26 PM,,8:12 PM,8:29 PM,,12:31 AM,8:29 PM
2026-08-24,4:52 AM,6:37 AM,1:25 PM,,8:11 PM,8:28 PM,,12:32 AM,8:28 PM
2026-08-25,4:53 AM,6:38 AM,1:25 PM,,8:09 PM,8:26 PM,,12:31 AM,8:26 PM
2026-08-26,4:55 AM,6:40 AM,1:25 PM,,8:07 PM,8:24 PM,,12:31 AM,8:24 PM
2026-08-27,4:56 AM,6:41 AM,1:24 PM,,8:06 PM,8:23 PM,,12:31 AM,8:23 PM
2026-08-28,4:58 AM,6:42 AM,1:24 PM,,8:04 PM,8:21 PM,,12:31 AM,8:21 PM
2026-08-29,4:59 AM,6:43 AM,1:24 PM,,8:02 PM,8:19 PM,,12:30 AM,8:19 PM
2026-08-30,5:01 AM,6:44 AM,1:24 PM,,8:01 PM,8:17 PM,,12:31 AM,8:17 PM
2026-08-31,5:02 AM,6:45 AM,1:23 PM,,7:59 PM,8:15 PM,,12:30 AM,8:15 PM
2026-09-01,5:04 AM,6:46 AM,1:23 PM,,7:57 PM,8:14 PM,,12:30 AM,8:14 PM
2026-09-02,5:05 AM,6:47 AM,1:23 PM,,7:55 PM,8:12 PM,,12:30 AM,8:12 PM
2026-09-03,5:07 AM,6:48 AM,1:22 PM,,7:53 PM,8:10 PM,,12:30 AM,8:10 PM
2026-09-04,5:08 AM,6:49 AM,1:22 PM,,7:52 PM,8:08 PM,,12:30 AM,8:08 PM
2026-09-05,5:10 AM,6:51 AM,1:22 PM,,7:50 PM,8:06 PM,,12:30 AM,8:06 PM
2026-09-06,5:11 AM,6:52 AM,1:21 PM,,7:48 PM,8:05 PM,,12:30 AM,8:05 PM
2026-09-07,5:12 AM,6:53 AM,1:21 PM,,7:46 PM,8:03 PM,,12:29 AM,8:03 PM
2026-09-08,5:14 AM,6:54 AM,1:21 PM,,7:44 PM,8:01 PM,,12:29 AM,8:01 PM
2026-09-09,5:15 AM,6:55 AM,1:20 PM,,7:43 PM,7:59 PM,,12:29 AM,7:59 PM
2026-09-10,5:17 AM,6:56 AM,1:20 PM,,7:41 PM,7:57 PM,,12:29 AM,7:57 PM
2026-09-11,5:18 AM,6:57 AM,1:20 PM,,7:39 PM,7:55 PM,,12:28 AM,7:55 PM
2026-09-12,5:19 AM,6:58 AM,1:19 PM,,7:37 PM,7:54 PM,,12:28 AM,7:54 PM
2026-09-13,5:21 AM,6:59 AM,1:19 PM,,7:35 PM,7:52 PM,,12:28 AM,7:52 PM
2026-09-14,5:22 AM,7:00 AM,1:18 PM,,7:34 PM,7:50 PM,,12:28 AM,7:50 PM
2026-09-15,5:24 AM,7:01 AM,1:18 PM,,7:32 PM,7:48 PM,,12:28 AM,7:48 PM
2026-09-16,5:25 AM,7:03 AM,1:18 PM,,7:30 PM,7:46 PM,,12:28 AM,7:46 PM
2026-09-17,5:26 AM,7:04 AM,1:17 PM,,7:28 PM,7:44 PM,,12:27 AM,7:44 PM
2026-09-18,5:28 AM,7:05 AM,1:17 PM,,7:26 PM,7:42 PM,,12:27 AM,7:42 PM
2026-09-19,5:29 AM,7:06 AM,1:17 PM,,7:24 PM,7:41 PM,,12:26 AM,7:41 PM
2026-09-20,5:30 AM,7:07 AM,1:16 PM,,7:23 PM,7:39 PM,,12:26 AM,7:39 PM
2026-09-21,5:31 AM,7:08 AM,1:16 PM,,7:21 PM,7:37 PM,,12:26 AM,7:37 PM
2026-09-22,5:33 AM,7:09 AM,1:16 PM,,7:19 PM,7:35 PM,,12:26 AM,7:35 PM
2026-09-23,5:34 AM,7:10 AM,1:15 PM,,7:17 PM,7:33 PM,,12:26 AM,7:33 PM
2026-09-24,5:35 AM,7:11 AM,1:15 PM,,7:15 PM,7:31 PM,,12:25 AM,7:31 PM
2026-09-25,5:37 AM,7:12 AM,1:15 PM,,7:13 PM,7:29 PM,,12:25 AM,7:29 PM
2026-09-26,5:38 AM,7:14 AM,1:14 PM,,7:12 PM,7:28 PM,,12:25 AM,7:28 PM
2026-09-27,5:39 AM,7:15 AM,1:14 PM,,7:10 PM,7:26 PM,,12:24 AM,7:26 PM
2026-09-28,5:40 AM,7:16 AM,1:14 PM,,7:08 PM,7:24 PM,,12:24 AM,7:24 PM
2026-09-29,5:42 AM,7:17 AM,1:13 PM,,7:06 PM,7:22 PM,,12:24 AM,7:22 PM
2026-09-30,5:43 AM,7:18 AM,1:13 PM,,7:05 PM,7:20 PM,,12:24 AM,7:20 PM
2026-10-01,5:45 AM,7:20 AM,1:12 PM,,7:01 PM,7:17 PM,,12:23 AM,7:17 PM
2026-10-02,5:47 AM,7:22 AM,1:12 PM,,6:59 PM,7:15 PM,,12:23 AM,7:15 PM
2026-10-03,5:48 AM,7:23 AM,1:12 PM,,6:58 PM,7:13 PM,,12:23 AM,7:13 PM
2026-10-04,5:49 AM,7:24 AM,1:11 PM,,6:56 PM,7:12 PM,,12:22 AM,7:12 PM
2026-10-05,5:50 AM,7:25 AM,1:11 PM,,6:54 PM,7:10 PM,,12:22 AM,7:10 PM
2026-10-06,5:51 AM,7:26 AM,1:11 PM,,6:52 PM,7:08 PM,,12:22 AM,7:08 PM
2026-10-07,5:53 AM,7:27 AM,1:10 PM,,6:51 PM,7:07 PM,,12:22 AM,7:07 PM
2026-10-08,5:54 AM,7:29 AM,1:10 PM,,6:49 PM,7:05 PM,,12:22 AM,7:05 PM
2026-10-09,5:55 AM,7:30 AM,1:10 PM,,6:47 PM,7:03 PM,,12:21 AM,7:03 PM
2026-10-10,5:56 AM,7:31 AM,1:10 PM,,6:46 PM,7:02 PM,,12:21 AM,7:02 PM
2026-10-11,5:57 AM,7:32 AM,1:09 PM,,6:44 PM,7:00 PM,,12:21 AM,7:00 PM
2026-10-12,5:59 AM,7:33 AM,1:09 PM,,6:42 PM,6:58 PM,,12:21 AM,6:58 PM
2026-10-13,6:00 AM,7:35 AM,1:09 PM,,6:41 PM,6:57 PM,,12:21 AM,6:57 PM
2026-10-14,6:01 AM,7:36 AM,1:09 PM,,6:39 PM,6:55 PM,,12:20 AM,6:55 PM
2026-10-15,6:02 AM,7:37 AM,1:08 PM,,6:37 PM,6:53 PM,,12:20 AM,6:53 PM
2026-10-16,6:03 AM,7:38 AM,1:08 PM,,6:36 PM,6:52 PM,,12:20 AM,6:52 PM
2026-10-17,6:05 AM,7:40 AM,1:08 PM,,6:34 PM,6:50 PM,,12:20 AM,6:50 PM
2026-10-18,6:06 AM,7:41 AM,1:08 PM,,6:32 PM,6:49 PM,,12:19 AM,6:49 PM
2026-10-19,6:07 AM,7:42 AM,1:08 PM,,6:31 PM,6:47 PM,,12:19 AM,6:47 PM
2026-10-20,6:08 AM,7:43 AM,1:08 PM,,6:29 PM,6:46 PM,,12:19 AM,6:46 PM
2026-10-21,6:09 AM,7:45 AM,1:07 PM,,6:28 PM,6:44 PM,,12:19 AM,6:44 PM
2026-10-22,6:10 AM,7:46 AM,1:07 PM,,6:26 PM,6:43 PM,,12:18 AM,6:43 PM
2026-10-23,6:12 AM,7:47 AM,1:07 PM,,6:25 PM,6:41 PM,,12:19 AM,6:41 PM
2026-10-24,6:13 AM,7:48 AM,1:07 PM,,6:23 PM,6:40 PM,,12:18 AM,6:40 PM
2026-10-25,6:14 AM,7:50 AM,1:07 PM,,6:22 PM,6:38 PM,,12:18 AM,6:38 PM
2026-10-26,6:15 AM,7:51 AM,1:07 PM,,6:20 PM,6:37 PM,,12:18 AM,6:37 PM
2026-10-27,6:16 AM,7:52 AM,1:07 PM,,6:19 PM,6:36 PM,,12:18 AM,6:36 PM
2026-10-28,6:17 AM,7:54 AM,1:07 PM,,6:17 PM,6:34 PM,,12:17 AM,6:34 PM
2026-10-29,6:19 AM,7:55 AM,1:07 PM,,6:16 PM,6:33 PM,,12:18 AM,6:33 PM
2026-10-30,6:20 AM,7:56 AM,1:07 PM,,6:15 PM,6:31 PM,,12:18 AM,6:31 PM
2026-10-31,6:21 AM,7:57 AM,1:06 PM,,6:13 PM,6:30 PM,,12:17 AM,6:30 PM
2026-11-01,6:21 AM,7:57 AM,1:06 PM,,6:13 PM,6:30 PM,,12:17 AM,6:30 PM
2026-11-02,5:22 AM,6:59 AM,12:06 PM,,5:12 PM,5:29 PM,,11:17 PM,5:29 PM
2026-11-03,5:23 AM,7:00 AM,12:06 PM,,5:11 PM,5:28 PM,,11:17 PM,5:28 PM
2026-11-04,5:24 AM,7:01 AM,12:06 PM,,5:09 PM,5:26 PM,,11:16 PM,5:26 PM
2026-11-05,5:25 AM,7:03 AM,12:06 PM,,5:08 PM,5:25 PM,,11:16 PM,5:25 PM
2026-11-06,5:27 AM,7:04 AM,12:07 PM,,5:07 PM,5:24 PM,,11:17 PM,5:24 PM
2026-11-07,5:28 AM,7:05 AM,12:07 PM,,5:06 PM,5:23 PM,,11:17 PM,5:23 PM
2026-11-08,5:29 AM,7:07 AM,12:07 PM,,5:04 PM,5:22 PM,,11:16 PM,5:22 PM
2026-11-09,5:30 AM,7:08 AM,12:07 PM,,5:03 PM,5:21 PM,,11:16 PM,5:21 PM
2026-11-10,5:31 AM,7:09 AM,12:07 PM,,5:02 PM,5:20 PM,,11:16 PM,5:20 PM
2026-11-11,5:32 AM,7:11 AM,12:07 PM,,5:01 PM,5:19 PM,,11:16 PM,5:19 PM
2026-11-12,5:33 AM,7:12 AM,12:07 PM,,5:00 PM,5:18 PM,,11:16 PM,5:18 PM
2026-11-13,5:34 AM,7:13 AM,12:07 PM,,4:59 PM,5:17 PM,,11:16 PM,5:17 PM
2026-11-14,5:36 AM,7:14 AM,12:07 PM,,4:58 PM,5:16 PM,,11:17 PM,5:16 PM
2026-11-15,5:37 AM,7:16 AM,12:08 PM,,4:57 PM,5:15 PM,,11:17 PM,5:15 PM
2026-11-16,5:38 AM,7:17 AM,12:08 PM,,4:56 PM,5:14 PM,,11:17 PM,5:14 PM
2026-11-17,5:39 AM,7:18 AM,12:08 PM,,4:55 PM,5:13 PM,,11:17 PM,5:13 PM
2026-11-18,5:40 AM,7:20 AM,12:08 PM,,4:54 PM,5:12 PM,,11:17 PM,5:12 PM
2026-11-19,5:41 AM,7:21 AM,12:08 PM,,4:54 PM,5:12 PM,,11:18 PM,5:12 PM
2026-11-20,5:42 AM,7:22 AM,12:09 PM,,4:53 PM,5:11 PM,,11:18 PM,5:11 PM
2026-11-21,5:43 AM,7:23 AM,12:09 PM,,4:52 PM,5:10 PM,,11:18 PM,5:10 PM
2026-11-22,5:44 AM,7:25 AM,12:09 PM,,4:51 PM,5:09 PM,,11:18 PM,5:09 PM
2026-11-23,5:45 AM,7:26 AM,12:09 PM,,4:51 PM,5:09 PM,,11:18 PM,5:09 PM
2026-11-24,5:46 AM,7:27 AM,12:10 PM,,4:50 PM,5:08 PM,,11:18 PM,5:08 PM
2026-11-25,5:47 AM,7:28 AM,12:10 PM,,4:49 PM,5:08 PM,,11:18 PM,5:08 PM
2026-11-26,5:48 AM,7:29 AM,12:10 PM,,4:49 PM,5:07 PM,,11:18 PM,5:07 PM
2026-11-27,5:49 AM,7:31 AM,12:11 PM,,4:48 PM,5:07 PM,,11:19 PM,5:07 PM
2026-11-28,5:50 AM,7:32 AM,12:11 PM,,4:48 PM,5:06 PM,,11:19 PM,5:06 PM
2026-11-29,5:51 AM,7:33 AM,12:11 PM,,4:48 PM,5:06 PM,,11:20 PM,5:06 PM
2026-11-30,5:52 AM,7:34 AM,12:12 PM,,4:47 PM,5:06 PM,,11:20 PM,5:06 PM
2026-12-01,5:54 AM,7:36 AM,12:12 PM,,4:46 PM,5:05 PM,,11:20 PM,5:05 PM
2026-12-02,5:55 AM,7:37 AM,12:13 PM,,4:46 PM,5:05 PM,,11:20 PM,5:05 PM
2026-12-03,5:56 AM,7:38 AM,12:13 PM,,4:46 PM,5:05 PM,,11:21 PM,5:05 PM
2026-12-04,5:57 AM,7:39 AM,12:14 PM,,4:46 PM,5:04 PM,,11:22 PM,5:04 PM
2026-12-05,5:57 AM,7:40 AM,12:14 PM,,4:46 PM,5:04 PM,,11:22 PM,5:04 PM
2026-12-06,5:58 AM,7:41 AM,12:15 PM,,4:46 PM,5:04 PM,,11:22 PM,5:04 PM
2026-12-07,5:59 AM,7:42 AM,12:15 PM,,4:45 PM,5:04 PM,,11:22 PM,5:04 PM
2026-12-08,6:00 AM,7:43 AM,12:15 PM,,4:45 PM,5:04 PM,,11:22 PM,5:04 PM
2026-12-09,6:01 AM,7:44 AM,12:16 PM,,4:46 PM,5:04 PM,,11:23 PM,5:04 PM
2026-12-10,6:01 AM,7:45 AM,12:16 PM,,4:46 PM,5:04 PM,,11:23 PM,5:04 PM
2026-12-11,6:02 AM,7:46 AM,12:17 PM,,4:46 PM,5:05 PM,,11:24 PM,5:05 PM
2026-12-12,6:03 AM,7:47 AM,12:17 PM,,4:46 PM,5:05 PM,,11:24 PM,5:05 PM
2026-12-13,6:03 AM,7:47 AM,12:18 PM,,4:46 PM,5:05 PM,,11:24 PM,5:05 PM
2026-12-14,6:04 AM,7:48 AM,12:18 PM,,4:46 PM,5:05 PM,,11:25 PM,5:05 PM
2026-12-15,6:05 AM,7:49 AM,12:19 PM,,4:47 PM,5:05 PM,,11:26 PM,5:05 PM
2026-12-16,6:05 AM,7:49 AM,12:19 PM,,4:47 PM,5:06 PM,,11:26 PM,5:06 PM
2026-12-17,6:06 AM,7:50 AM,12:20 PM,,4:47 PM,5:06 PM,,11:26 PM,5:06 PM
2026-12-18,6:07 AM,7:51 AM,12:20 PM,,4:48 PM,5:07 PM,,11:28 PM,5:07 PM
2026-12-19,6:07 AM,7:51 AM,12:21 PM,,4:48 PM,5:07 PM,,11:28 PM,5:07 PM
2026-12-20,6:08 AM,7:52 AM,12:21 PM,,4:49 PM,5:08 PM,,11:29 PM,5:08 PM
2026-12-21,6:08 AM,7:52 AM,12:22 PM,,4:49 PM,5:08 PM,,11:29 PM,5:08 PM
2026-12-22,6:09 AM,7:53 AM,12:22 PM,,4:50 PM,5:09 PM,,11:30 PM,5:09 PM
2026-12-23,6:09 AM,7:53 AM,12:23 PM,,4:50 PM,5:09 PM,,11:30 PM,5:09 PM
2026-12-24,6:09 AM,7:53 AM,12:23 PM,,4:51 PM,5:10 PM,,11:30 PM,5:10 PM
2026-12-25,6:10 AM,7:54 AM,12:24 PM,,4:52 PM,5:10 PM,,11:31 PM,5:10 PM
2026-12-26,6:10 AM,7:54 AM,12:24 PM,,4:52 PM,5:11 PM,,11:31 PM,5:11 PM
2026-12-27,6:10 AM,7:54 AM,12:25 PM,,4:53 PM,5:12 PM,,11:31 PM,5:12 PM
2026-12-28,6:11 AM,7:54 AM,12:25 PM,,4:54 PM,5:13 PM,,11:33 PM,5:13 PM
2026-12-29,6:11 AM,7:55 AM,12:26 PM,,4:55 PM,5:13 PM,,11:33 PM,5:13 PM
2026-12-30,6:11 AM,7:55 AM,12:26 PM,,4:55 PM,5:14 PM,,11:33 PM,5:14 PM
2026-12-31,6:11 AM,7:55 AM,12:26 PM,,4:56 PM,5:15 PM,,11:34 PM,5:15 PM